-8.494544704477987596e-01,-5.033859511649513979e-02,3.873837307225119070e-02
-7.883425406506253674e-01,-2.232586812852378061e-02,9.367344753561300530e-02
1.585747745378497942e-01,4.059444628687230994e-01,1.031322306402090661e+00
-9.682621200468680689e-01,-2.450696604084433294e-01,1.179431003097544117e-01
-1.707633608738729214e-01,1.420339570729253209e-01,9.003685159064296339e-01
6.962825167969405316e-01,-5.464333734709151541e-02,3.618000262737490758e-01
-9.278628700228527815e-02,-4.705073373235356404e-02,9.634748814874296574e-01
-4.114327639679021265e-01,1.305988555446864763e-01,1.000709282248047671e+00
3.517746889777939590e-01,-3.804936133170819246e-01,1.029427837223859443e+00
-9.579415788757943417e-01,-2.297849456848135019e-01,4.779936529120860922e-02
5.426302250113480552e-01,-2.765129599626387977e-02,4.563035900046326088e-01
7.485782949395495267e-01,-4.543287765892730090e-01,3.711310320223871750e-01
6.487792863658727038e-02,-3.541375039155140736e-01,1.044249016386128437e+00
-1.285190528289495426e-01,2.306236804935416634e-02,9.359224736639134568e-01
-8.521494831374282208e-01,-2.825783611068859447e-01,1.596774472577153492e-01
-8.942393322642552267e-01,3.698061387733709293e-01,1.390441809546384133e-01
3.873331175792193298e-02,-6.100080030027680428e-02,9.721666712400474086e-01
3.616819265239332726e-01,2.088809896443547531e-01,9.125111820889458825e-01
-2.645239122871638759e-01,4.347983416059586492e-01,9.946144248556273437e-01
-9.565551674995939058e-01,1.310389781368504480e-01,4.682596074930141239e-02
-3.330436004287905538e-01,-2.553998228895093536e-01,9.797452783023400391e-01
-9.224780833868149177e-01,-4.206018991773642357e-01,1.681722297057630100e-01
-3.507625930664122760e-01,1.879936051140729952e-02,9.647560571255303641e-01
3.272630250790891648e-01,-2.462815485348673616e-01,1.069559493854504550e+00
3.186011652575339581e-01,5.723790889377877722e-02,9.683809943740200321e-01
5.406492485187196495e-01,3.081444225407710680e-01,3.457651436363615161e-01
-1.069664797071791795e-01,-2.186601597525323903e-01,9.046059333699928429e-01
1.225990931604510198e-01,6.036700864383711534e-02,1.028221048415531191e+00
-7.881188695429678370e-01,-5.373789828261999260e-03,5.633932576154301874e-02
-2.176966985367770058e-01,2.532363335901629542e-01,9.346885915585252391e-01
-9.663221919983896457e-01,2.261813265097722125e-01,1.877432729413177626e-01
6.306841899150442687e-01,-3.559747131423445787e-01,4.900744129065024990e-01
-2.859170559517376642e-01,-4.559206549100572881e-01,1.024735058815050559e+00
1.626617268170545694e-01,3.628716385104231446e-01,1.075595792800820183e+00
8.496033144399297576e-01,-3.870775917601053662e-01,3.742953547200296716e-01
5.666186159276451889e-02,-3.709759802112290172e-01,1.030031559261682439e+00
2.975284051141683372e-01,-1.788453262162943702e-01,9.518841396714738945e-01
-9.961982746365285468e-01,1.577571201214454377e-01,1.115536874815918969e-02
-2.953279723565987447e-01,-3.670807649104997905e-01,9.721206746394908116e-01
5.405087818875925487e-01,2.179163685988001475e-01,4.403492935530811669e-01
5.741794005060111422e-02,-1.922570440867615305e-01,1.078255882969290314e+00
-4.207980068811195129e-01,1.899076451768720863e-01,1.041775201740178458e+00
-8.730843992753087868e-01,-3.420537518264932936e-02,1.446199782154082569e-01
8.501329853046302176e-01,-3.332872732400481430e-01,4.941614790260765444e-01
-6.924713810878051490e-01,3.873183960126212137e-03,1.857855308688075857e-01
5.813450875893463321e-01,-3.290555486402046426e-01,4.653011406754214985e-01
2.615891159767435026e-01,-2.915423199727355530e-01,1.047770093149677617e+00
-3.762828486105713743e-01,2.166871836096653792e-01,1.019719282425871842e+00
-9.766653729281408181e-01,4.391387649269681837e-01,1.877500551174678955e-01
2.790447051690673752e-01,-1.869416710661001568e-01,9.114007615930020956e-01
-7.852667362585713517e-01,-4.659200527023347194e-01,5.410250175498010350e-03
-4.130898468223198061e-01,2.780608924874222176e-01,9.733131040000683187e-01
5.974583869191418817e-01,-4.769886201648297908e-01,3.497394352629532577e-01
-9.022960378492077549e-01,-3.240555201189927459e-01,4.065747814730742704e-02
-6.018721758736346183e-01,4.864203346359626812e-01,1.799109664196128777e-01
3.595410917858765654e-01,-4.662094221853035902e-01,1.083407222113006219e+00
-3.976201563240148174e-01,-2.046410181470618705e-01,1.078966875090289435e+00
-8.716973097008502425e-01,-2.734548655314915089e-01,1.463357529399187673e-01
-6.094956929451658123e-01,3.847721366889353400e-01,1.754398291923126019e-01
6.516315194087236584e-01,9.298633130726320986e-03,4.010681712512165209e-01
-4.208329931907213162e-01,4.259484001214708382e-01,1.038769821561261519e+00
-3.454360413344450750e-03,-1.303537649902673234e-01,9.069383517466322875e-01
-9.214327375430394484e-01,2.541296765745681974e-01,2.495818927731603687e-02
2.993069973017822849e-01,-6.153045882894345175e-02,1.019490481983338359e+00
7.232190689881893286e-01,-4.799844590941130251e-01,3.199587178124222442e-01
3.119693602494690854e-01,-4.959386410125628530e-01,9.765167515357220385e-01
-3.909462247890564957e-01,-1.933685847239472733e-01,9.831364164141148665e-01
2.103261779523711295e-01,2.599360695745052685e-01,1.064152770050970087e+00
-1.389409784618041155e-02,-2.632668268951010582e-01,1.058280085767776324e+00
7.425080686517336881e-01,-4.278549191744945857e-01,4.314758568053985721e-01
2.996540391126439884e-01,-3.381751585024801443e-01,1.062424354655480574e+00
-8.407841746524088444e-01,-2.265106754444528581e-01,6.403960981386923323e-02
-3.706911661269662872e-01,1.686797831241863554e-01,1.086289748107556186e+00
6.920193523458484375e-01,-2.614169104018054246e-01,3.079541632955707375e-01
-8.882491206286773355e-01,3.093092378813082632e-01,1.937429672641189926e-01
6.404001887716368469e-01,-4.300944274372304199e-01,4.610788613544929415e-01
3.149540802402999162e-01,-3.164815405858197872e-01,9.911807007542571268e-01
2.979978339976926405e-01,-2.572994354116505678e-01,9.415925837745149352e-01
2.340448809533458296e-01,2.958186818023094133e-01,1.030423924075938968e+00
3.099627381446033447e-01,4.956611110125084263e-01,9.737222045099451773e-01
-9.649457580069358276e-01,-4.432967917523668588e-01,1.867902765301362733e-01
-7.730905866545968452e-01,4.924830247225437940e-01,6.288066017261795433e-03
6.881942680238042342e-01,3.274951029921913670e-01,3.263230570821473719e-01
-1.143726573523042578e-01,-2.126259957668363287e-01,9.703660286850785965e-01
-6.956625981025214012e-01,-2.145008626539988625e-02,1.352476536827627307e-01
3.271347585773702882e-01,2.242376573282458263e-01,9.739477728405668833e-01
-6.248667878140851117e-01,-7.787282870616018919e-03,4.068481911198092160e-02
-3.240019928105406510e-01,-1.478378920819928000e-01,1.095517582268308976e+00
5.668508663982356754e-01,7.078487284768533727e-02,3.147814157590839712e-01
-9.066252527799394390e-01,-3.869633670567734218e-01,8.810525170641875237e-02
-9.990152578536281025e-01,-4.354659820612278298e-01,1.569503383699335508e-01
2.998714748982285738e-01,-2.726498816700458905e-01,1.043506000392424582e+00
-2.445793608813042475e-01,2.513623227110090008e-01,1.068877885345538958e+00
5.502630408365136727e-01,-4.086120498124372336e-02,4.310970610996337493e-01
-9.915690378875496869e-01,2.424863172608016648e-01,1.461980304453056323e-01
3.691701278918150808e-01,1.312889100174672308e-01,1.077652467536730274e+00
-9.547214346342747238e-02,-4.570208068753559560e-01,1.084170492742946745e+00
-8.065293376166092765e-01,-4.573117690923919620e-01,1.828279899026945265e-01
-8.286918100454677971e-02,-3.326253809693458519e-01,1.011486407953986255e+00
-1.812561339705609509e-01,1.199195892158227139e-01,1.001675004850004491e+00
3.694904851154560688e-01,2.726170421652602815e-01,9.979942408459444581e-01
-8.625382889618807836e-01,-4.078960224795841194e-01,1.301576537780908260e-01
2.064268323294305985e-01,2.805501218218878212e-01,9.405403786197245042e-01
-6.288540148902324045e-01,-3.470502940232603195e-01,4.979451123819229885e-02
-7.307379179206627828e-01,-4.676718318614012104e-01,1.344484950815282298e-01
-8.735653644001010187e-01,-3.332178432509658172e-01,2.741977129694590787e-02
6.790200824539626145e-01,1.059909601762738657e-01,4.229136355100387434e-01
-3.751421406371125977e-01,-3.852337259853429452e-01,9.384814782327189908e-01
-4.098662824924734771e-01,-3.317448935487082862e-01,9.768771759420691314e-01
7.792603448586137294e-01,-3.662281901175126753e-01,3.691569086868658478e-01
-4.209611634914869893e-01,-3.697538268272280992e-02,1.006505808556023895e+00
-1.612427311889428061e-01,4.504433483907281655e-02,9.211573562744307386e-01
2.342994689930173180e-01,-2.994760255350579214e-01,9.842894263352464090e-01
8.767117374851893796e-01,-3.609182810097876781e-01,4.864628995609228679e-01
-1.347407072406905659e-01,-1.620270187895248293e-01,9.844254468456938856e-01
-6.572445561618535104e-01,-2.493579811956392334e-02,9.723251734626579823e-02
-6.869967416569036089e-01,-4.992509214127584596e-03,1.055774092540626569e-01
-7.279529938726649885e-01,-4.159890804142420961e-01,1.255503556208076021e-01
-6.693942438883839774e-01,-6.933131029945240054e-02,7.866589181543859333e-02
9.868997123031604882e-03,-8.734679479818700798e-02,9.557536233306862528e-01
-3.526597053102769053e-01,4.224699366268692136e-01,9.285032533725933179e-01
6.412733074250677179e-01,5.084375797184710610e-02,4.984172327303955097e-01
2.190571647880522055e-01,2.791544892293133517e-01,9.612654732120562429e-01
5.567275942961187329e-01,-3.660207013679421806e-01,3.622974437035039186e-01
-8.253558277959576195e-01,3.535647929436892545e-01,1.675602829431544205e-01
3.012620865642458567e-01,-2.982433764554180966e-01,9.827780457998305241e-01
-7.817890323894999272e-01,7.187088451457762650e-02,1.672175091350859844e-01
6.595723109748108381e-02,-6.870060498802602056e-02,9.270595452704473161e-01
-8.972410364071591315e-01,-2.195821326515832173e-01,1.697942848449458531e-01
6.273781991477006548e-01,-4.996027287813905038e-01,4.753294571787674561e-01
-3.907857246135909568e-01,-2.772041630452038996e-01,9.269186394019791608e-01
6.173052207297907712e-01,-3.272386568757802427e-01,3.713334047276594108e-01
5.721564501316039886e-01,-1.605857503256556407e-01,4.286510690354091158e-01
-8.200658919687831006e-01,-3.690122959233921862e-01,8.241183870844714932e-02
-3.859215779665104984e-01,-2.467498281617389044e-01,9.262389681810334618e-01
-4.180111019477134593e-01,4.031165051454355663e-01,9.551978089161679009e-01
-9.477168010468772774e-01,-2.687584751860243593e-01,9.968985516346971776e-02
6.450849145072227175e-01,6.469089006792644314e-02,3.284073019139096550e-01
-4.149724038730004394e-01,3.056852769220343435e-01,1.059682698873070095e+00
-1.376056992859426009e-01,-3.147188612975883037e-01,9.164815336541298763e-01
5.614965888471882272e-01,-4.164773420359345057e-01,4.835770064188611994e-01
5.638504237408749065e-01,-3.238596972011056896e-01,4.637749604402022774e-01
5.767763138621988528e-01,3.223548055057116057e-01,3.134701147061934035e-01
-2.620323131598778499e-01,3.973353228772276702e-01,1.065558758606339085e+00
-6.121706130168660387e-01,1.767919747088603569e-02,6.978916645242601302e-02
5.750999098167111079e-01,-2.961594328232599049e-01,3.217764136482102466e-01
-8.413989198844472606e-01,-2.820833803630777292e-01,2.133868230971039046e-02
-6.316923708478823229e-01,-3.325286763702389736e-02,1.461450674322411769e-01
-2.663964346400843897e-01,2.790842025695288164e-01,9.737252893743465476e-01
6.819588803143468159e-01,-1.387096004747296607e-01,4.790906391486403626e-01
-9.151203750986964813e-01,-4.819367554487596350e-01,1.666999551655886092e-01
2.277034942235421355e-01,1.598715853875939397e-01,1.070816279628355794e+00
-3.895750224059328914e-01,3.253494676233630867e-01,1.082036133782246612e+00
1.779646516296771730e-01,3.210029464148722589e-01,1.070185378149737243e+00
-7.250042961745266634e-01,3.681036354419147671e-01,2.341811344008866425e-02
1.660018346078401541e-01,4.081950266902047431e-01,1.019876552857863716e+00
-7.496151168122998643e-01,-3.439028540223567632e-01,1.278243340393923205e-02
1.386941677564631527e-02,-3.528453728045940485e-01,1.045767883086455408e+00
3.056207858995900750e-01,5.029501323594327833e-02,1.057640052078822723e+00
3.220396441529744247e-01,-2.463589942176721281e-01,9.303761618276120693e-01
6.902910495091070242e-01,1.701375230157548546e-01,4.037591355830872919e-01
-2.827923679375264343e-01,-4.369269686000196162e-01,9.778247129952162275e-01
-6.940907365889429359e-01,-4.256394129925289982e-01,2.548422006746764445e-03
2.280166750941591269e-01,1.301777021115557431e-01,1.037440933272065102e+00
-8.547398977850332313e-01,-1.907810358134731932e-01,7.245747413202932585e-02
5.987021355047936755e-01,-3.852662598842917507e-01,4.900925031600291693e-01
-3.864770581790238357e-01,3.847651033481587213e-01,1.088476297993227648e+00
2.237337616315131575e-02,-8.934399564047493247e-02,9.664756549407443886e-01
-3.935365387088806122e-01,-2.288588686867669975e-01,9.449752682751110244e-01
-9.684173917393955611e-01,7.441669130123193532e-02,9.512084958549940628e-02
-1.825915857914599816e-01,-4.920310503357788745e-02,9.375637645028029876e-01
-8.512435643209333991e-01,1.065219213782846175e-01,1.265396455585325042e-01
5.802203270493292431e-01,1.258857599654800152e-01,4.877539269650015274e-01
9.832720431880200007e-02,-4.824250384915866607e-02,1.094803828848850191e+00
-2.758478714513412089e-01,3.263841440041934661e-01,1.098816315972957813e+00
-1.888893090267718400e-01,-9.619308072910323637e-02,9.134138022741696838e-01
2.010428056380369477e-01,2.557674612668138225e-01,9.208595854028663874e-01
3.163571139695552925e-01,-2.445272035852144865e-01,1.038591746723720233e+00
1.271120511411064913e-01,3.847967086747399179e-01,1.022519286675103167e+00
5.850979266056465233e-01,-1.849923632045230026e-01,4.561952547113850009e-01
-6.919919204172926275e-01,3.538228581283483498e-01,1.161777207247172150e-01
-2.272836831656735723e-01,3.061044358549372402e-01,9.968978167395571299e-01
-4.225006543546266924e-01,-1.041238959591972713e-01,1.027797020089625146e+00
1.729950880250582523e-01,1.601949381673926365e-01,9.816722699865043644e-01
-7.530264397731092352e-01,3.566096341483350751e-01,1.027278186466211718e-01
5.871177518009477181e-01,-9.674332809678258538e-02,3.549923662674284164e-01
-9.569573357468146302e-01,1.206867623720661448e-01,1.153771015292498342e-01
6.556074884076508180e-01,3.820342729035963170e-01,4.530205316763880607e-01
6.284852092827089010e-01,-1.311725356297462342e-01,4.299807815318281157e-01
-7.411393820046254799e-01,3.488288301892599197e-01,5.657448687454982861e-02
9.874013648467809823e-01,-4.145535802730327957e-01,4.329567119170059097e-01
-9.422259966114204799e-01,3.681148184903201281e-01,2.184447235763234060e-02
-7.700158238977615754e-01,-6.523902284115845607e-02,1.320986487585603386e-01
3.061877709209467890e-01,3.654171076497199633e-01,9.516441187984681083e-01
-8.746692238102464489e-02,-3.017175494141295933e-01,1.016133422979990764e+00
3.019623332129209303e-01,4.379852588071154740e-01,9.701194945927233970e-01
-9.522502365348114450e-01,-6.282128575099026058e-02,1.141466184250937571e-01
-5.864534943643129328e-01,4.490290327438414830e-01,5.313830802484915961e-02
-3.596226202279131923e-01,7.061803037415841089e-02,1.002305319686597862e+00
-2.316465986874478022e-01,2.434084352864989698e-01,9.310524891885970655e-01
6.305787613237662237e-01,2.114321102509168770e-01,4.026726889064263792e-01
3.256883689069341448e-01,4.656699952863591063e-01,1.088988634870271532e+00
-9.546568819341751944e-01,2.712555320974751050e-01,2.704417659938895824e-04
-9.832140224847487620e-01,-1.520352325612204514e-01,1.604309805068183659e-01
5.778778501925337929e-01,-2.981633761758413770e-01,3.734357990741892785e-01
-2.183421704408178288e-01,-3.894758554291090358e-02,9.194809278620674764e-01
7.667591970507454668e-01,-3.440449426870572092e-01,4.890102922356436288e-01
-1.573187138346376357e-01,1.024039034218706540e-01,9.084030788473252960e-01
-9.878337427443963925e-01,-3.723215148586095369e-01,1.848325286290226077e-01
6.639552731271975983e-01,3.255828654282729162e-01,3.980182614636063598e-01
-8.977689900674447054e-01,-3.276305421089323322e-02,7.834145340540797642e-02
2.662462697845516812e-01,3.984840855445768715e-01,9.961489659333053748e-01
-8.057570976214831759e-01,4.649316268384928730e-01,9.272263740775162078e-02
6.998502142239239054e-01,4.810656534044150945e-01,4.679263545562432070e-01
6.492640333294844579e-01,-1.335886228413525334e-01,3.155999710576445905e-01
-2.527452879515276751e-01,2.236391847801877386e-01,9.793196640034220746e-01
6.304707877752074863e-01,1.347482120461519495e-01,4.781196065411129625e-01
-8.559272229195983295e-01,3.922731264305062693e-03,4.442860429817466206e-02
-1.106868577426746297e-01,-4.006342135407156557e-02,1.084314804148600153e+00
-6.162528764057429997e-01,-4.159034956237472880e-01,1.296965087894923208e-01
-3.572606652568737218e-01,-4.361535372475475736e-01,9.112265570077456855e-01
-2.884807228525234080e-01,-2.724554090254917016e-01,9.991509331178292097e-01
6.662169423358543785e-01,-3.098688174083766289e-01,3.820487011625375295e-01
2.677267012934940738e-01,3.897064101127970526e-01,1.019449315533208500e+00
-7.284719021081220713e-01,4.115690976433644122e-01,1.957938634398500577e-01
2.368427085325251480e-01,-2.913551408411498844e-01,9.122929845496517975e-01
-2.697417858971009053e-01,2.174719844305155469e-01,9.198054039766559997e-01
-2.291988801622985850e-01,4.622001451360391311e-01,9.829767995776501621e-01
6.110473762131344300e-01,-8.744461556642033062e-02,3.873323739170753122e-01
6.382526325802309053e-01,-4.487825750518398826e-01,4.698230334856540180e-01
-4.090390153191302280e-01,-3.521501130517721845e-01,1.075427060224669606e+00
4.904956557047617655e-02,1.774627385699555386e-03,1.000121264398794674e+00
3.641129815537176573e-02,-4.860176730826948899e-01,1.089903236885868543e+00
-1.820732129057159865e-01,-1.882192505834893448e-01,9.460611250269165273e-01
3.100070643195389497e-01,-3.973776205581924237e-01,1.035427091277705047e+00
2.440109210311604826e-01,-3.402611800247518636e-01,1.096004063491644809e+00
3.172774525021775371e-01,9.760302388925584660e-02,9.642912975870461256e-01
6.856178999467631152e-02,-3.673999755159422231e-01,1.042330373811908517e+00
7.361628023147751554e-01,-4.158885419868647015e-01,4.271450656888936548e-01
6.368232402010644000e-01,1.275251507797609263e-01,3.190640471784064736e-01
-1.285999652887988287e-01,1.395825561587503427e-01,9.163189830689719706e-01
-3.487549095836016133e-01,5.048067057195686491e-01,1.033894331007093603e+00
6.571950486490623078e-01,6.033620173624990035e-02,3.780868652555705589e-01
2.162908142475214179e-01,1.877035331926026340e-01,1.033058483975402231e+00
5.973352985827018458e-01,3.924190365748115861e-01,3.372025051561647335e-01
5.488077525666983369e-01,2.797412400251647613e-01,3.123074024350645517e-01
-8.057797507597810327e-01,-3.811270009112854296e-01,7.402130440073872997e-02
-3.271043648701134621e-01,4.383671439447256804e-03,9.718811660052234513e-01
1.008326783826066081e-01,-9.485750276163888717e-02,1.092149426973378468e+00
-6.829314886881260316e-01,3.812592052768718487e-01,5.884802594155669718e-03
-9.838217134679207998e-01,-1.107613023896720922e-01,1.599583456360151867e-01
-1.844827672098064975e-03,-4.223005922582396821e-01,1.015568293419356394e+00
-7.903650682743483813e-01,5.072410845114612155e-01,1.515346214034774160e-03
6.328718118706231355e-01,-1.076945228202604021e-01,3.990018404886605530e-01
9.985539460603637396e-01,-3.948551371044625724e-01,3.131921176010672991e-01
9.452712653780538377e-01,-4.569852799987977332e-01,3.549444923099128735e-01
-7.755693803844438960e-01,6.275250157921495597e-02,3.404846456713137709e-02
-2.339554635412258721e-01,4.206296459263818011e-01,9.793263942287874224e-01
3.145978513941233290e-01,1.203817733696866676e-01,9.518438242094657831e-01
6.747670268508816349e-01,4.181924690016277646e-01,3.441042853063274731e-01
-3.452843566171944767e-01,8.797668012985371266e-02,9.539851806626464814e-01
1.020963524875798389e-01,2.540753960491263230e-01,1.088209130767730404e+00
6.878861132356189900e-01,-4.298320298677977269e-01,4.717303209702571332e-01
1.609954037383868608e-01,3.683364078659351337e-01,9.096825075884826806e-01
2.896123088345417540e-01,-2.103369991937392713e-02,9.669322050475783747e-01
1.607030850801960120e-01,4.240986154659895924e-01,9.137296323113786034e-01
6.603326335949342152e-01,3.591926873328807335e-02,4.546570679634966972e-01
-2.893807188308857303e-01,4.799111457532544978e-01,1.068687887948322146e+00
-3.132663899798350249e-01,-2.007445660024702316e-02,1.016357855683642342e+00
7.962580612363201471e-02,-3.109933591348021942e-01,1.059618347775500347e+00
-8.514735556999796229e-01,1.577695274396795078e-01,8.100444624709549069e-02
2.860087795910285502e-01,-3.548135043735627381e-01,9.779867741509061796e-01
-6.895355254169259762e-01,1.932456244520452254e-02,1.937542463281814176e-01
6.516927846512505784e-01,-4.417775426130679528e-01,3.687248627727094386e-01
3.407952531245672101e-01,8.878599327079637893e-02,1.051744236753440864e+00
-4.253504476189383099e-01,2.164069597640859086e-02,1.030893640300009073e+00
-6.178903506809219071e-01,-4.847088697845481908e-01,5.303289245615723513e-02
-8.784268890727885415e-01,3.894751161038936260e-01,3.647355316751770687e-02
-5.902981380678814505e-01,1.132036360310128414e-01,1.049038323493470259e-01
-4.183411349158785986e-01,-6.220111215872311389e-02,1.017688952056063467e+00
-4.926703781819816511e-03,-1.745635412584703727e-01,1.062763828676631661e+00
-8.951823672545761168e-01,4.599282885541707833e-01,3.628492304649853090e-02
5.425328881280370164e-01,2.393497021643089528e-01,3.408078165287791172e-01
6.500735821740420972e-01,-3.469565973705628914e-01,3.710408291024959171e-01
-9.900317182827601536e-01,3.664607370167285438e-01,5.060179159943328092e-02
-3.313972199645833228e-01,-4.210854666432796156e-01,1.041550611466696585e+00
3.613164436655835754e-01,4.678389536905914747e-01,9.950937803552746264e-01
6.581073404132894433e-01,-3.389157791347718884e-02,3.741699621260485831e-01
-4.033094042675692825e-01,-3.430944071027015041e-01,9.625566257105271362e-01
3.528113658940780772e-01,1.296272459044726377e-01,1.009678676246458018e+00
2.494454897219824940e-01,-2.493470096283013082e-01,9.885742268260745425e-01
1.366739479747545727e-01,3.934813134841774751e-01,1.039811842091066474e+00
-1.863643007701364374e-01,2.985744525475220179e-01,1.017224881684840154e+00
-7.139129828728771887e-01,3.636370616986701609e-01,1.772432664898768995e-01
3.670173179393834140e-01,5.005331979019046473e-01,9.088187451581175580e-01
-1.643401283385655665e-01,5.114455833303739596e-02,9.200283325540669077e-01
-1.423647337965161519e-01,1.302398498764177903e-01,9.917788929488301486e-01
6.460980487836071040e-01,-2.290850446677997754e-01,3.155903134198067006e-01
-9.161746436191844367e-01,-2.452836265591673004e-01,5.824859893045844506e-02
-9.636039568376092435e-01,4.839951921996809431e-02,1.230143550587036172e-01
8.300906161386296667e-01,-4.162312276121976629e-01,3.322477698432395044e-01
-7.452995281681940032e-01,4.609055530444016169e-01,1.519082139977348256e-01
-6.274928851290564324e-01,3.579742738972767346e-02,6.936313283166466170e-02
-3.569662569855567291e-01,-3.327405302590757397e-01,9.333817390682167536e-01
-7.772220908288152152e-01,-3.856671706123877552e-01,3.594029640254758906e-02
-7.521375263734701999e-01,4.344200566843530731e-01,1.144840380151119635e-01
7.025198774681948866e-01,-4.416088137795989854e-01,3.940004042007320129e-01
6.082054669088141075e-02,-1.237366185958737180e-01,1.072560279871939803e+00
-9.707138137471733597e-01,-2.498023389870547284e-01,3.965456077038576055e-03
7.092833822056301418e-01,-3.197742926043613265e-02,3.828377914311378305e-01
2.790511960109940404e-01,4.645797974305699296e-01,9.608666165538726212e-01
-1.915752464321300308e-01,-7.567760641324410009e-02,1.022739698639150818e+00
3.562253599746817434e-02,-2.090077944104436550e-02,1.046154723553760713e+00
9.882349176783148392e-01,-3.887469587221165090e-01,4.300757304573921136e-01
2.218368462608715785e-01,2.010781949539773017e-01,1.078299756559944811e+00
-9.546632571404227441e-02,-4.641599734097453522e-01,1.047009615793132120e+00
7.088001898410272172e-01,2.780327284393718790e-01,3.193927031481429979e-01
6.833793004959081152e-01,-1.788269920129020307e-01,3.205902010562748372e-01
-2.578373574424385750e-01,2.433090055872337010e-01,1.097542181381568671e+00
-9.774849372311629203e-01,-1.083535428815441126e-01,1.874041840151364491e-01
-7.002353650563698795e-02,-4.577518971871769038e-01,1.052546788800335475e+00
-4.244802903268275474e-01,-4.779844519806129011e-01,9.556955554107824380e-01
2.867480604803441246e-01,-4.974949338244237795e-01,9.505283169691568501e-01
-9.157003833300048079e-01,2.283216443897507775e-01,9.884824798153113434e-02
3.468934945966286043e-01,-2.151099976799449309e-01,1.038585692869252730e+00
-9.425576807400946056e-01,6.953496739464098964e-02,6.469328362882335870e-02
-3.234779574931395674e-01,-6.626784813435949995e-02,1.071919444281115963e+00
3.352507109822067677e-01,4.808133774535732208e-01,9.148983206961889270e-01
6.711242100029281010e-01,-3.802524215078330605e-01,3.730306668845062013e-01
-3.136589768824005753e-01,-2.016936053513905189e-02,9.815260253729684026e-01
-7.943593699760490567e-01,4.055850142642826173e-01,1.911298828178288334e-01
-6.813302797669763544e-01,2.883843419334115865e-02,1.899659338022292587e-01
3.134896762915942992e-01,3.963769711065243118e-01,1.040503265687940715e+00
-3.326551583288016034e-01,-2.578695882358976732e-01,1.015772629191234122e+00
2.694804676348528383e-01,1.692729640420870818e-01,9.354564743230420198e-01
-1.345602471170551651e-01,-3.815916270970876600e-01,1.034706108776464628e+00
6.933132539741090339e-01,-5.220710648711954227e-02,3.344977210770389564e-01
-4.139560580520896260e-01,-3.420663885396759141e-01,1.083340999987555620e+00
-3.767463840731513081e-01,4.479357850437284405e-01,1.043672993027533025e+00
-1.251626958135175494e-01,5.743084837720125596e-02,9.502962241495356288e-01
-8.854780962736742422e-01,-3.798066978719072950e-01,9.984635349620721301e-02
2.171989318628004262e-01,1.201693143973949218e-01,1.023605905222295220e+00
-1.565982416832264745e-01,-2.636279059072005326e-01,1.022126079389011899e+00
-2.113055437841857565e-01,8.670298854787003573e-02,1.056197215100966202e+00
-8.800604679216729176e-01,1.346752140923886121e-01,1.113775891015336139e-01
9.070877137230183296e-01,-3.260201462799052763e-01,3.188930424058747382e-01
-9.444204442583902237e-01,1.465216241300811295e-01,6.315965766582112839e-02
-1.247480596378274936e-01,-6.063719960866714720e-02,9.475877729388226811e-01
-8.292468779014690039e-01,1.774769839895545820e-02,8.839130228367597653e-02
2.167610851392053339e-01,-2.724876985728938439e-01,1.056516986649910672e+00
5.557845608454952124e-01,-4.538673303849620755e-01,4.867846812959981118e-01
-9.072421408568787093e-01,2.037732078101872901e-01,4.114823348430800970e-02
2.683097810720600496e-01,5.581556598116376583e-02,9.633211297922542604e-01
-3.716301784939812225e-01,4.251567495858585288e-01,9.169622395122900560e-01
3.079995803265950238e-01,9.722920344503396817e-02,1.045009784207005854e+00
1.124450139627901912e-01,2.718188017316535698e-01,9.155444388707589809e-01
-6.954639997780563965e-01,-3.517950307158199674e-01,1.129031024926515497e-01
-7.847814927941370033e-01,-4.005184005331975383e-01,1.117463584004523350e-02
6.962894128733558841e-01,-7.510491939831939745e-02,3.086749023700923189e-01
-8.972902166691573145e-01,1.564073120892046087e-01,1.988643707485183709e-01
5.438871777834232146e-01,5.080302519476723733e-01,3.987024505984473333e-01
-8.361539744985183598e-01,-3.470004226344849951e-01,4.419497400314375928e-03
-8.765603109118730307e-01,-3.872452463053076555e-01,5.469310996093321858e-02
-7.811654395262461748e-01,-3.549161519768301298e-01,7.893862457801513466e-02
1.032838603737098182e-01,-1.029815301400160282e-01,1.093357568597124851e+00
-1.087358766370806196e-01,-2.982990650101978169e-01,1.044422690366758832e+00
-2.334388761861515837e-01,1.335500210317200065e-01,1.011041443950336127e+00
-2.986901787818769249e-01,-2.599445757575324922e-01,1.018575658156216646e+00
6.139287336341954227e-01,4.168228705102896003e-01,3.742659355326090620e-01
-1.021976006560427613e-01,-4.509036412369713531e-01,9.092588860911492432e-01
-9.203192293150498360e-01,3.366467611253817216e-01,4.994189529412945000e-02
-9.345973728372113098e-02,-3.291293671848752322e-02,1.063949880562740091e+00
-9.812247174497422675e-01,-2.134698065953127832e-01,1.851815678896204520e-01
6.041370341370823072e-01,8.614406530359360395e-03,4.896013941313770435e-01
2.288430537491366878e-01,-1.915145187088206080e-01,1.059830068873350406e+00
6.367280422450372068e-01,2.873246641606326812e-01,4.466372371364819016e-01
-5.919378454173808146e-01,3.339257381415119963e-01,1.292765677926257552e-02
-8.911072885676543098e-01,2.279115767057356134e-01,1.413982418452670309e-01
6.849834157337244545e-01,-3.185287043627358927e-01,4.318210038580335697e-01
1.964349980209056656e-01,2.647122013798716700e-01,9.456766894942999491e-01
9.988941500872712542e-02,-1.622868997275082326e-01,9.589933493386929575e-01
-3.020620932447553586e-01,1.981627035321211483e-01,9.688537550111141483e-01
-2.918733025010342708e-01,4.795808219887935930e-01,1.047519263132943301e+00
-2.899570733989443316e-01,4.736931257680246365e-01,1.025551316282318881e+00
-2.002977417552097572e-01,4.078057152427823628e-01,9.560602252503389575e-01
-3.585222886915182539e-01,4.380229699284466371e-01,9.745366973291580415e-01
-6.951491957453869164e-01,4.911241352744190047e-01,1.914798326041916021e-01
-3.928037310360063539e-01,-2.881203574919314891e-01,9.320076705527452487e-01
-7.813157766711806840e-01,-3.588158758245976188e-01,1.140377185064385401e-01
-8.777907524139467732e-01,1.315352556520062999e-01,3.594388733732256647e-02
-9.812854867980008722e-01,5.099442866581020972e-01,3.895107774295943071e-02
6.643767429222533494e-01,-2.264311166534481168e-01,4.275401570222900904e-01
3.251470849746448399e-01,-2.550687944033690480e-01,1.012596660849916619e+00
-4.228930299935244053e-01,-4.520554647458392972e-01,9.720753994593935854e-01
3.107818469944256257e-01,5.803259933572481322e-02,1.089014634438037588e+00
6.408904463552135278e-01,4.121157574861335042e-03,4.884627167660842706e-01
-6.410497641724151041e-01,4.727961480213550560e-01,7.351523086811111163e-02
1.949803470295863872e-01,4.306943820245769938e-01,1.052084525814971583e+00
6.940949155362171608e-01,3.496452496215117778e-01,4.050318368928824131e-01
6.532265515292753344e-01,4.203414801942341184e-01,3.767649236623423215e-01
-6.220192685324045512e-02,-4.248838910762220977e-01,1.060787566317641595e+00
5.590142260553359055e-01,2.404717083996289750e-01,3.097896720547425597e-01
-3.894783947766479737e-01,2.446717008925497483e-01,1.047990962188309672e+00
-7.561195244438054797e-01,-3.810045730636891781e-01,1.574736731948662705e-01
1.722051672060126160e-01,4.953308090163422994e-01,1.090116910581998555e+00
5.447563451958925551e-01,-6.181769858907481402e-02,4.052918211240280066e-01
-8.473476665539673158e-01,-4.913771362266190490e-01,1.518667720552462352e-01
6.252749299172786213e-01,1.653220705143614022e-02,3.750055849392934793e-01
-9.717087651829110495e-01,5.038813166102849017e-01,6.938645692781741925e-02
3.051319717700749501e-01,-4.020301003236241288e-01,1.028480797123244361e+00
-6.079505979398376336e-01,4.640076482555015591e-01,1.393834957818687603e-01
-3.649521549644548224e-01,-4.915864110401900744e-01,9.828201511012745195e-01
6.315916870135911410e-01,4.092632373270822521e-01,3.867118518834664620e-01
-9.376611711953163342e-01,4.504401719482785116e-01,9.513921313085754727e-02
7.748829803175105724e-01,-4.902707936324535165e-01,3.710679165105044697e-01
-3.643592163574245202e-01,4.348910465902857680e-01,1.009502958776123949e+00
-6.196891744718104889e-01,4.066078084863739561e-01,6.865441540169872625e-02
-8.776511021791806311e-01,3.113035287169376164e-01,3.535874361394788362e-02
-3.691157414329078734e-01,3.941413640687936315e-01,1.084413996606363506e+00
6.513613674675718945e-01,-3.123749455437827005e-01,4.627747466550637401e-01
-8.840058502705158139e-01,-1.377689461307895213e-01,8.072040027158443320e-02
-7.359142044889849243e-01,1.134571710350829460e-01,7.462342064846912149e-02
-9.444704728784832914e-01,-3.326703376221128994e-01,5.808003495316207965e-02
-7.195980204744486519e-01,3.444395640945802778e-02,1.945301235027910025e-01
-9.162027354182564753e-01,3.457105660566582583e-02,1.449258749683929592e-01
-9.483115794474132887e-01,1.891465842249818452e-01,5.549974867443663307e-02
-1.055519038961005573e-01,-4.663067297126496369e-01,9.145444247496409274e-01
2.457451205219608192e-01,-2.571264422267502403e-01,9.071318804058877694e-01
3.698545424858960540e-01,2.924565211827237846e-02,1.062095911673222703e+00
-6.359587231468642743e-04,-4.936727531228639609e-01,9.247226817526740250e-01
-9.177257356860739623e-01,5.842120041535109332e-02,7.603121447286565436e-03
-6.722073720233483485e-01,-6.122619828249546009e-02,1.518129879312559716e-01
5.611678466122348441e-01,-4.346306946197820431e-01,3.249708699525145073e-01
-3.394493747450333943e-01,3.345505218891887123e-01,9.024351663242063948e-01
7.875878827311332264e-01,-4.555631058543987422e-01,3.103352539593321469e-01
7.157770621091769092e-01,-4.386316833455513597e-01,3.202548304900817988e-01
2.246558387490921738e-01,2.151135123032001939e-01,9.583824354491348174e-01
6.251800610945564829e-01,4.241904543353244850e-01,3.889383787460073405e-01
2.599352133983645063e-01,-2.068171685299622364e-01,1.021245546269505367e+00
2.150493054638386581e-01,3.413719789566724283e-01,9.450482720880606369e-01
-8.048366161896931548e-01,4.333476403787921982e-01,1.889888259113817748e-01
-7.307785886685558285e-01,4.465118336081555506e-01,1.966031693212946449e-02
-2.946907483417729456e-01,-3.584990576471076551e-01,1.036241142527969394e+00
3.230887298489112935e-01,6.269851787058065840e-02,9.119010111127662244e-01
-3.211294791488693984e-03,-3.929925648458636456e-01,9.203589895549721955e-01
6.671933529366216309e-01,-4.871473763765742787e-02,4.458238109560649365e-01
-6.270946757052392462e-01,-3.532585756225202211e-01,1.507323696001654778e-01
-8.517153612921077865e-01,-2.584802453062509109e-01,1.718872760815107481e-01
2.571675845738123911e-01,3.604547105607541768e-02,9.847554281610737537e-01
-1.279324055778598701e-01,-2.771380035218015681e-02,9.153296987693082531e-01
-9.154125605132060750e-01,-4.291167621082175865e-01,9.803056551566220744e-02
-9.701420390616688483e-01,-3.952915545590202639e-01,1.084370485846447851e-01
-4.210023754626486814e-01,4.320695500566735792e-01,1.027165029934173468e+00
-6.982356659987180025e-01,8.605479185654851815e-02,3.699851976762833644e-02
2.234077243598115436e-01,1.831669626539411400e-01,9.612891137009289544e-01
2.845697529942969317e-01,-1.432302617714857063e-01,9.936343518965927712e-01
-8.818773597257227592e-02,-2.689316366290369076e-01,9.251402078718483635e-01
-2.040253457163853368e-01,3.628754791126991286e-01,9.715437837231394314e-01
-3.473005236213277946e-01,2.658459209131537326e-01,1.014085031224634337e+00
2.267927428630950870e-01,1.414850255704972193e-01,1.097420524531079300e+00
3.078262212468578229e-01,-4.508780324398244943e-01,1.031471500689365994e+00
-8.730658864135497632e-01,-6.191714923572322338e-02,1.801212598151725741e-01
-2.123506472982103488e-01,9.179738696801778564e-02,1.032082697489082657e+00
2.951556174891939999e-01,3.921951287352080096e-01,9.643265188709769786e-01
7.039875796400362207e-01,1.401136733236170717e-01,3.023068400190239147e-01
6.584426793400831590e-01,-3.730838808425389064e-01,4.106732023951832899e-01
-3.592442072833270661e-01,8.858054833217440804e-02,9.110713678734508880e-01
-8.514093299722079455e-02,-3.433575037050198842e-01,9.487312769830209547e-01
-9.660727232468607761e-01,-1.663577401682482804e-01,1.574313850675435333e-01
2.111524185630062056e-01,1.962034251039558030e-01,9.735199286623645865e-01
-6.667234714457292988e-01,3.659529667982427403e-01,4.647152794120921332e-02
-5.929341974377100311e-01,3.371582422382899957e-01,1.430901289726564940e-01
2.309433594668705847e-01,9.894880889700140292e-02,1.097631281797452729e+00
3.671320223541780781e-01,4.646799890816667444e-01,9.795075737374366875e-01
-7.067276739894902127e-01,4.861339631397034594e-02,3.073752721925338428e-04
2.256503432650658336e-01,-3.682337065938098841e-01,1.023817872045402977e+00
-3.811277253641718876e-01,-3.257305304707194815e-02,1.091235381339256794e+00
-6.958832040746555370e-01,3.391250636664484563e-01,1.972489480015346131e-01
-2.982813134709628999e-02,-4.973695100888533283e-01,1.020934151256208011e+00
-2.023887558372762518e-01,1.433878578814774263e-01,1.061266837408032515e+00
1.149931981387531804e-01,1.257802484695431100e-01,1.026866899344097028e+00
3.012141958602202463e-01,2.247514020101039345e-02,9.405243160288319082e-01
-7.037982685948308559e-01,-3.387094593741567239e-02,5.700120321689421815e-02
-9.462746666671448814e-01,4.908880955478128749e-01,1.918032676936976162e-03
6.665188774042056785e-01,1.399466443462953069e-01,3.164257941200694924e-01
-1.393543115664474738e-02,-4.085164229168031791e-01,9.473048286760180625e-01
-9.173935934754346988e-01,-2.445836961353240468e-01,1.927670341988035607e-01
7.093238659875555907e-01,-1.361419719492711067e-01,4.996501265416340987e-01
-9.361469358952650976e-01,1.598256561865020464e-02,7.172049544775527252e-02
5.446242682042731209e-01,3.398292706178796529e-01,4.041152012980362973e-01
-1.432764311881603858e-01,-2.361010636737344570e-01,1.008027735467021735e+00
-7.177202685209470578e-01,-3.744662571787181760e-01,1.196747089082390685e-02
-9.195836286581480223e-01,4.179306216853476141e-01,1.978403428870144642e-01
-6.521562670461363842e-01,-3.642273077139106946e-02,1.585459598270830550e-01
-2.852921050628935418e-01,4.370962163829938962e-01,9.106886700928015221e-01
5.636923873658493678e-01,-9.317835898287350760e-02,4.345767683112575219e-01
-1.905014899398247558e-02,-2.473207141366087769e-01,1.080110829002912221e+00
4.508934612959991650e-02,-1.475174972186450995e-01,1.072047228134626495e+00
6.488877871795181163e-01,-2.494820073112906378e-01,3.687751573825588380e-01
-7.484251690038579152e-01,-4.639445029602652926e-01,1.708945924019652507e-01
5.601482278529422709e-01,-9.345542186299574117e-02,4.160744997741719908e-01
-9.435343325603026132e-01,2.589559368938884054e-01,1.602661354704502106e-01
2.285200845212756737e-01,3.820965145941005447e-01,1.009633096884053671e+00
1.954875031624739856e-01,1.690182301781066876e-01,1.023258005751308986e+00
-6.131766631628321473e-01,4.478523726896804780e-01,1.625167933701048353e-02
-2.450206779632718365e-02,-2.756021266239698231e-01,9.386231938252956875e-01
-3.213430426339128898e-01,4.888159779443633779e-01,9.200813603992675782e-01
-3.283474122685598462e-01,-7.807990895053128211e-02,9.251126202953378064e-01
2.149218154998243924e-01,-2.316849410781406660e-01,9.968449819391262956e-01
-9.332867685864820739e-01,-1.991696475486040910e-02,1.110890854635173952e-01
-3.592563632619217850e-01,3.264474805360947918e-01,1.056367999644439948e+00
3.618333570527671461e-01,-3.722846564365949185e-01,9.243928568349859543e-01
-4.052965180309533455e-01,-3.741152389723411131e-01,9.719230105585577872e-01
7.188902134763850427e-01,-4.017194720122385654e-01,3.943179908715683801e-01
-1.185718070686363063e-01,-1.635762749831393692e-01,1.048432371546063946e+00
-6.195454549928322008e-01,-3.663595829000786397e-01,7.339990634767526445e-02
-9.068198755136216427e-01,7.256162119360835827e-02,2.921547659847316750e-02
-8.734894096803352825e-01,1.455786716619982823e-01,1.782887978829204301e-01
2.287274720953988150e-01,3.196619406779638295e-01,1.030448071771120411e+00
-9.393765409416038326e-01,-3.025578548725196271e-01,1.904695870489502285e-01
-2.954519480077049676e-01,1.807773168818932186e-01,9.058074984913381256e-01
-8.281521694898255070e-01,6.218521378268202643e-02,1.339110916008018626e-01
-2.166695689805309133e-01,6.178352746023162145e-02,9.805779531756765310e-01
3.698319423663611882e-01,9.892563605295350004e-02,1.007446647927233041e+00
-1.444320720783896783e-01,-4.094058666325324503e-02,1.002087988824800657e+00
8.531629464908508931e-01,-3.542481254195299911e-01,4.058965364685320765e-01
7.079972094571300445e-02,-3.049094237746544644e-01,1.018709127460215802e+00
3.106263268967485169e-01,-4.124333411238333968e-01,9.884121302438279022e-01
1.622660110422069479e-01,4.785413305124682770e-01,1.003776829381105351e+00
2.666741377975984095e-01,-1.050981212045678376e-01,9.439462534333110666e-01
9.814560992959472374e-01,-4.001651924972685070e-01,3.302424691582848126e-01
2.359590135532873278e-01,2.654751256424332517e-01,1.062516886569920382e+00
-3.746164862669017215e-02,-4.662906033585655363e-01,1.071061553956129231e+00
-7.026974863787529557e-01,-4.287409811837019635e-01,1.387481008951114425e-01
6.786773965941643727e-01,-8.328387279526637543e-02,4.674733358024282248e-01
6.121048362653329633e-01,4.332938936855934564e-01,4.338717387630749434e-01
-3.058636569886575840e-01,-1.097024285916097935e-01,1.037628621543175589e+00
6.555939615152907018e-01,-6.645952795911913569e-02,4.545892493598113204e-01
2.790935562100377298e-01,-3.598957184302235546e-01,1.038534494692901156e+00
6.273878452112767734e-01,-1.089548004673116140e-02,3.758104389171787463e-01
-8.521216596784506603e-01,5.011246876759610780e-01,2.799787505268824805e-02
-1.406736063267944037e-01,-3.278188368301184208e-01,1.028093798480200771e+00
-1.889393377127046858e-01,2.415509949477942508e-01,9.653186048697410815e-01
-1.180987205632833548e-01,-2.268974202329949730e-01,1.010285863294765996e+00
-7.298965840198122779e-01,-4.123520934027294360e-01,1.929709323719403513e-01
-7.000304042057156062e-01,-4.620374372047934830e-02,9.067101730693344352e-02
-9.799835759177084882e-02,-3.391141234620086986e-01,1.047399063102120387e+00
5.685760723927627547e-01,-3.930318563379871510e-01,3.305149020948534022e-01
-1.634654778638793826e-01,2.675340420985025669e-01,1.046890561470082970e+00
7.322714393568344193e-02,-3.036707496077664659e-01,9.870103247360648702e-01
2.462684045716586889e-01,-2.200622957881852582e-01,1.045234400532896846e+00
-9.289178192093164865e-01,-2.479595018590968203e-01,1.379152606761386290e-01
-3.327396280673403650e-01,4.039495340387521671e-01,1.027304021921002342e+00
-6.540083767610718191e-01,8.625796974603655576e-02,1.823356682811278218e-01
-7.687953630892544465e-01,-1.993821997955588093e-02,1.192896954453984554e-01
-3.942600110439805072e-01,1.403269184939264225e-01,1.084186368589735716e+00
6.301540637530729239e-01,-3.424712627274074661e-01,4.157309341681819648e-01
-9.581902108096929105e-01,-1.775919069676989426e-01,1.360301097437333073e-02
-9.208456367323064606e-02,-2.048303771446284283e-01,1.039578545244675079e+00
-1.224943366065327222e-01,-4.494101098124514970e-01,9.162679178926155243e-01
-1.689730013868432634e-01,3.673725060117789820e-02,9.935569466614174727e-01
5.690356429784733105e-01,2.158393478653806430e-01,4.202861631463903902e-01
-8.066726167979755557e-02,-4.628137478420482065e-01,9.590890742024382742e-01
-5.798912313184284573e-01,3.479074058406197434e-01,1.642332158233427153e-01
-3.264298876506055436e-01,-2.610213720114333835e-01,1.032497295966910977e+00
6.582009704232251179e-01,-2.969893806843683093e-01,4.551948214427020689e-01
5.556818461859611841e-02,-3.234075805103107104e-01,9.604759211191535861e-01
-7.389832159888345409e-01,4.328937756709935747e-01,7.738824997353620228e-02
-9.681865271543861340e-01,-4.709841566468369808e-03,1.678149803334895163e-01
-9.200168251602662828e-01,4.447574112122683054e-01,1.664818303071841088e-01
5.966463922779491336e-01,-1.519744879409578864e-01,4.924597742267614597e-01
-9.108689318347427122e-01,4.341270995631046903e-01,7.280949653258653176e-02
-3.845740118269503904e-01,1.045969319982612278e-01,9.602835089994156137e-01
3.305148834713534933e-01,4.382702903152987939e-02,9.184127379685175230e-01
8.069721704517808236e-01,-4.672075134903591054e-01,4.359855864198016739e-01
-3.177355251766962319e-01,1.694314836238289268e-01,1.093448178321872355e+00
-4.098887575939543226e-01,-3.109373102319133997e-01,9.622228992963308691e-01
1.280893332136000262e-01,1.900530214630148998e-02,9.449631870017540791e-01
-7.336015793537883356e-01,3.557904216096978711e-01,1.505379352710729639e-02
-3.614007293903764295e-01,3.637537257895590015e-01,9.677147975068036700e-01
2.970456188042231993e-01,-4.689390805451344457e-01,1.053800862835186036e+00
-9.510463097963653967e-01,2.676471132293979371e-01,1.387839875666716655e-02
1.074564918893316234e-01,-6.271699106729604345e-02,9.537900529544059980e-01
6.287767626104948659e-01,-2.005083317493684958e-01,3.345676442768177883e-01
5.846366694452798107e-01,-1.024760629483355001e-01,4.014078309707855841e-01
5.727459060886777031e-01,4.206370016317913518e-01,4.123970172280173596e-01
2.242474135475819308e-01,1.475862632154665288e-01,1.058653649706832622e+00
-1.455218535742703045e-01,-3.876803661332612894e-01,9.344502604718726291e-01
3.621903402324787025e-01,3.940304444963148023e-01,1.077279973103251631e+00
5.739729013229570853e-01,3.097521078064757738e-01,3.524105108439767875e-01
-2.974606017437432803e-01,3.408050797699012369e-02,1.051168448017192336e+00
-8.876907586399521710e-01,3.529332905452058911e-01,1.376242641036342675e-02
9.229218850081050141e-02,-2.058207348637902667e-02,1.031693471691966124e+00
5.865153495188025756e-01,-2.434878105871161325e-01,3.193458776757675532e-01
-1.175811066529953014e-01,-4.393413811280159620e-01,1.026734348108451211e+00
2.488371985857979474e-01,-4.511548128565645022e-01,1.053872196977738485e+00
-3.084536189318524690e-01,4.762363969894994192e-02,9.775065373841020921e-01
-9.968957968961376093e-01,-3.801211753567613760e-01,8.531716355699332788e-02
-7.642808457230951952e-03,-2.614281808038705357e-01,9.491775619224498417e-01
7.015238126245522121e-01,3.514487867537239296e-01,3.755304379870476605e-01
-8.656201298784957920e-01,5.091235802735941118e-02,8.639458904409957896e-02
1.164880692116437300e-01,1.761428140963686995e-01,9.682293120644837048e-01
3.817724692771869155e-02,-2.908996295043437263e-01,1.088812875093150279e+00
-6.360072911501031268e-01,-4.720641086036412859e-01,1.533322727010079101e-01
6.438259223106975737e-01,-2.416034977658034488e-01,4.581957750032997767e-01
-3.212323723911794104e-01,-4.706501549885849095e-02,1.026638220571061133e+00
-9.699399857864320351e-01,-2.834569523837567884e-01,1.643243122902830755e-01
2.684952379801181510e-01,-2.421343227042609125e-01,1.037722424366501528e+00
-2.633455211629174286e-01,3.101946038020512719e-01,9.155375674924254303e-01
1.071218472583088388e-01,-1.170678115283871196e-01,9.821289374371338088e-01
-9.857298130208614895e-01,4.121647418008381192e-01,8.626620049021548053e-02
-1.911301915409080177e-01,3.067649184017836803e-02,1.012725424009835118e+00
-9.045779028618784467e-01,-2.001165142530514640e-01,1.466105109496204373e-01
6.264465851700492527e-01,-1.024780422377064189e-02,4.226074149912114053e-01
-8.292493587699975022e-01,-6.473031746581221768e-02,1.113802665438635292e-01
-4.142949833666214055e-01,-4.535943586669909378e-01,9.125381595397050738e-01
-7.515754305316844075e-01,-6.254726126463330815e-02,3.997466272362415474e-02
-9.229657596523608287e-01,-4.786097441355205429e-01,1.851404046133762749e-01
-1.859286104089818425e-01,-1.056760166568041504e-01,9.552713117567184220e-01
2.344671917791995297e-01,-3.831588662357687247e-01,9.196252561048114949e-01
-6.897852596214930632e-01,7.889596371758261784e-02,1.139403801746308870e-01
1.096888461718942831e-01,2.534869476483925244e-01,1.031575079892704361e+00
-3.826440414387727307e-01,1.045912280679602707e-01,9.829219740199026667e-01
-4.081559312761554731e-02,-3.511335304590258444e-01,9.944525212137177439e-01
1.868174780072535124e-01,2.224543404998073348e-01,9.052590532505032650e-01
6.547583827468571593e-01,3.979318828851662326e-01,3.905866001681759236e-01
7.985120523409698912e-01,-4.117865255052167717e-01,4.858442581683061201e-01
2.932548737032765751e-01,9.921878901624948954e-02,9.617463514953723536e-01
-8.741614430625420651e-01,-2.733767394328747713e-01,1.629693771039281425e-01
6.885373240633479996e-01,-2.870710919013556017e-01,4.516506651440557185e-01
-8.300209505159131251e-02,-2.220908780987300990e-01,1.079651169491385065e+00
6.989928513677766686e-01,2.598580488182962167e-01,4.894483181904789038e-01
4.522328645297394450e-02,-1.623828817939236557e-01,1.099192058176822862e+00
-7.975980763188693645e-01,7.464454977467644727e-03,1.495785464044768476e-01
-9.641785703543700459e-01,-1.795978861056120590e-01,1.474324010048882749e-01
6.560586722425936212e-01,-1.712135629304697149e-01,4.049844051606671380e-01
-8.429578643042777708e-01,-2.056061313142073799e-01,1.904792741387914545e-01
-6.999043875930003322e-01,-1.934219085269754668e-02,1.694953539336949699e-01
2.402265011816052676e-01,2.676911227855686692e-01,9.254991297767478642e-01
-1.245941349703566930e-01,1.426527901635051276e-01,9.517775843388880386e-01
2.114012239841711882e-01,-3.448520480689172829e-01,9.395346769173683610e-01
1.263328066492257207e-01,1.536985706243316485e-01,1.076426607003484026e+00
-9.033272554364469853e-01,4.483711865081496661e-02,8.634114482654504930e-02
5.643243174608612023e-01,3.654471836007535113e-01,3.294278022408354545e-01
1.741237936032977995e-01,5.045946030604986365e-01,9.330084948281837098e-01
5.404082920379705834e-01,-2.580228399700325026e-01,3.480075321581783121e-01
-8.701776932755472815e-02,-5.256691623613778119e-02,9.271713985093082977e-01
-9.761339837622168281e-01,2.934884494895042759e-02,9.060095193785254464e-02
-8.180846768146422532e-01,-4.367463065483871421e-01,1.908500026179951181e-01
8.821725044425414719e-01,-4.915972216043952292e-01,3.239883922623586487e-01
1.694366312186483536e-01,3.695803234508734936e-01,9.751879554126068328e-01
5.495336455819905819e-01,3.369867167146353149e-01,3.819363753600559797e-01
-5.965548656186860921e-01,-1.874635992322691569e-02,5.115708420818390612e-02
1.361034742655846119e-01,3.543556268677416354e-01,9.522588794760905584e-01
1.511902720896718573e-02,-1.874172917577731912e-01,9.523158322291741529e-01
6.138216536764981024e-01,-2.976812257509528492e-01,3.959513154124467693e-01
-8.753626068587491149e-01,8.545990267593006617e-03,4.726349250388426487e-02
2.052505512770046447e-01,3.897331880607222132e-01,9.845395091696811374e-01
6.161790433484446439e-01,-4.977335490749651981e-01,4.208620885611487061e-01
8.438563223226468457e-01,-3.291738872682571926e-01,3.641401061847994725e-01
2.821786286600554972e-01,2.918785294994760693e-01,9.234377139101710430e-01
-6.112420910929706741e-01,4.546176711358793782e-02,8.248523273081223572e-02
2.191259898891270430e-01,-2.463026544233055948e-01,9.475109364827991598e-01
2.309549371608197177e-01,7.093963900784702736e-02,9.106814711771978876e-01
-6.665987026340687294e-01,-3.747428770372459583e-01,5.840819656066947169e-02
-3.896499719635095338e-01,3.362503346826220540e-01,1.046830939110950043e+00
-7.602260683880891490e-01,4.330593605335550933e-01,1.354854231477540250e-01
5.600312671371691087e-01,2.362007713671701592e-01,3.511529252569324799e-01
-2.694615366207596674e-01,2.591032438950514050e-01,9.461961701618629705e-01
-9.922860346191413328e-01,-3.704691490037492763e-02,1.312276288745945763e-01
6.790085711429139081e-01,5.061470021159120147e-01,4.659188650696619582e-01
-2.133551816265361889e-01,6.106244434659112430e-02,9.492661514114901777e-01
-9.909277637345500489e-01,-1.965868768876665590e-02,2.880006877320824554e-02
-7.580693948467081000e-01,-6.369478794819875833e-02,8.379388983232521904e-02
-4.040985042678632011e-01,-1.871544287763529657e-01,1.002863140669343567e+00
-9.515863046454376972e-01,4.726625322145041608e-01,1.260583237130884771e-01
2.987655127206841899e-01,4.920082857879591320e-01,1.080140839876102543e+00
6.250595521641083563e-01,-1.798797118553203400e-01,4.623939533773826494e-01
-1.594115250013839746e-01,5.075560719255303027e-02,1.004122571318804891e+00
6.027876056720223863e-01,-2.846116654305764770e-01,4.322575972748547990e-01
-1.931017825182645420e-01,1.405316052977001288e-02,9.643099131719418127e-01
-3.932852975097691495e-01,-9.700879613649041056e-02,1.029470867601152584e+00
3.692285323898648608e-01,-3.694486712876828699e-02,1.009538956960628342e+00
-1.116236939611134210e-01,-2.744475051454820513e-01,1.062299561623706534e+00
3.528487969291901200e-02,-3.830150821666316596e-01,9.494061602971811675e-01
1.073332825716432765e-01,3.689475418820339914e-02,1.084973359328517351e+00
-8.462237752447645533e-01,4.032122740554270890e-01,6.663099338368892732e-02
6.705954973728230906e-01,-1.238317291010016391e-01,4.561668890266487586e-01
-7.557147781833839506e-01,3.918272695137338113e-01,3.233358505312582815e-02
5.702717090685052170e-01,-3.380676533863341549e-02,4.383323499988185379e-01
2.452667370584315221e-01,3.490875247733074560e-01,9.250550865515207999e-01
6.590968520397151309e-01,4.362133960202843261e-03,3.456506698442866621e-01
-8.496639175945913669e-01,-1.359251476892344157e-01,1.695247515855087816e-01
-7.470282353080986981e-01,5.059492904848209571e-01,1.398194080109852466e-01
6.411166739335382170e-01,1.393388777044206606e-01,3.112846345697472539e-01
-9.789620592152488143e-01,-3.655215976613993556e-01,8.151191674144293853e-02
-6.182327353355434596e-01,-4.776036925621829354e-01,4.613350151818040867e-02
-7.681820218459026739e-01,1.677153879518535062e-02,9.468987728933016268e-02
-1.028925328378074711e-02,-4.700647815410338159e-01,9.196821637526225723e-01
-9.618690879876539146e-01,-4.302171226844310192e-01,5.728489175877878037e-02
3.007230783479060698e-01,3.942269378088282816e-01,1.038777176256838075e+00
6.458435044097130540e-01,1.445808775770209553e-01,4.412094655933659348e-01
3.203005943363419483e-01,-1.176129086041753508e-01,1.085536866773676001e+00
-3.336062786622510656e-01,-4.123512922871330755e-01,1.087664169660021996e+00
6.777380879048675588e-01,-4.850703117212623039e-01,4.337796123938237880e-01
8.924325007940088206e-01,-4.951135305782385920e-01,4.039010869313277019e-01
1.144710649541010178e-01,4.457948416790015467e-03,1.002447084888795636e+00
-9.897424669463217306e-01,2.801871116537320017e-01,1.328138043094801712e-01
-1.443472046482049964e-01,-1.192269980725326056e-01,1.058274617978041787e+00
-8.412810787235625032e-01,2.552647410964283825e-01,8.694926850592160639e-02
3.578110705631850075e-01,4.210372167346038141e-01,1.005833756621675068e+00
2.152865732186731440e-01,4.793902000227475563e-02,1.098449428702067632e+00
9.797740621508254089e-01,-4.504540245431322143e-01,4.711368656963897950e-01
-3.574702533997301535e-01,3.371280669815459596e-01,1.038032262656945370e+00
-7.871764307889461687e-01,4.196275319737502452e-01,9.713080568611914822e-02
-8.572159481277292770e-01,5.042322040191544730e-01,1.665275410092206809e-01
-7.769023539869366335e-01,3.771799473373504963e-02,1.581568550315191057e-01
2.104676234989593664e-01,3.493263849523213782e-01,1.041597408196490493e+00
-8.778102853924341087e-01,6.323938051626327647e-03,1.770226485955994911e-01
2.247240441918017806e-01,2.583466526747291714e-01,1.017889271444937460e+00
-9.949536518209105562e-01,9.111164617285959222e-02,1.064835603177322343e-01
1.073536938290881176e-01,1.260393300039712727e-01,9.692610048536569600e-01
-3.852357034752507681e-01,-3.122492350431573804e-01,9.915834478051693823e-01
2.162705738730014982e-01,-2.263711502832527755e-01,9.819267175900392441e-01
6.986633887339677162e-01,-2.169512703372355189e-01,3.722893418363076301e-01
-1.363941596274238222e-01,-2.752947619283748759e-01,1.037305795720514290e+00
-3.431878745225289129e-01,4.929155265384345674e-01,9.646005503119156055e-01
-3.672363730877650223e-01,2.020258541756787540e-01,9.102537427561365746e-01
2.380458663591212831e-01,4.313296864783265350e-01,1.038612198661831076e+00
-3.610597224083162415e-01,-3.589456574664089961e-01,9.030104893356346585e-01
-3.031155893206591290e-01,-2.896268832380478053e-01,9.445842173590968116e-01
-9.997814812582778154e-01,-2.074507882342332687e-01,1.621458700825984811e-01
-1.911999032058717130e-01,3.665912948319577369e-01,1.098218291843346739e+00
5.896984910535623126e-01,-9.677169851552502866e-02,3.204430588303567307e-01
4.072163395816639359e-02,-2.700878222324622491e-01,9.888080725253629577e-01
7.524600623589621229e-01,-3.849823963368959601e-01,3.694012602179743143e-01
3.353882314542452892e-01,2.369226332944099900e-01,9.866331991098946652e-01
2.868524801818274073e-01,-3.301020944487255693e-01,9.373683423258271086e-01
3.249683578546608831e-01,4.631063179270906160e-01,9.506150730566371720e-01
6.108574759946002741e-01,-2.983914508818067413e-01,4.950856969135886132e-01
-6.355195250653798977e-01,1.166063197909450455e-01,8.187523984681199796e-02
3.448262792342386418e-01,-1.736547323935621334e-01,1.015737104529917501e+00
-1.362115731942023789e-01,-1.012295860879876969e-01,9.818813952964408065e-01
-2.988118747466888409e-03,-1.660222770015451210e-01,1.029207748129000066e+00
2.232835612579086304e-01,4.376271706529964445e-01,1.056748483659730953e+00
2.733322901170043839e-01,-3.998131410366764782e-01,1.022021600345051517e+00
6.098149840524366150e-01,-3.851202774870824963e-01,3.223064034520406462e-01
9.822881216563639217e-01,-3.997178374889824304e-01,4.981504478403120384e-01
-6.822864808825237493e-01,1.163237263527603926e-01,5.272455567055849696e-02
6.844756306072686813e-01,6.127144433316442096e-02,3.104319392068411454e-01
-9.387309547351244676e-01,5.165782293412322923e-02,2.437496120182118878e-02
3.567497310731451154e-01,-2.757113280571084624e-01,1.060190517330620530e+00
4.505475586817221656e-02,6.965328313534718818e-02,9.904234887285287003e-01
6.705585586861084746e-01,-1.217625231070613295e-01,3.692424460304486455e-01
3.172079804131200387e-01,-1.470261195057250281e-01,1.089047840704977288e+00
5.688959723723058248e-01,-2.142015941936506185e-01,4.699980116033129485e-01
-3.231648098131951752e-01,1.530205821040738767e-01,1.061007757592036915e+00
2.246646656899227990e-01,-1.883863363890385112e-01,1.012766095237228381e+00
-8.475027250161724091e-01,1.818429828469153853e-01,1.471567179824754545e-01
1.170513686984211710e-01,3.244172502763422727e-01,9.835502969441484167e-01
-9.417657490890163352e-01,-3.311412493398285251e-01,1.492165674313314649e-01
2.015557149113717250e-01,2.974822595505288159e-01,1.022054040705384192e+00
3.487931208598286648e-01,-3.300892110746164176e-01,1.067770081470809984e+00
3.129949203952618886e-01,4.539252039021788865e-01,9.489065752280430033e-01
-2.985314606763040390e-01,2.950448362631622468e-01,9.243909474757009415e-01
-3.938131544453258304e-01,4.678957413307897606e-01,9.791901414589782027e-01
-9.557235253513831630e-01,-1.087115761038321277e-01,3.025720356132233224e-02
8.314884052707858242e-01,-4.720967019240079332e-01,4.391432143788185360e-01
3.027004806651815150e-01,-2.025587523711041560e-01,9.482256510637008251e-01
2.740903340837674285e-01,3.228604387151080002e-01,1.018534301315399571e+00
2.407499169974938458e-01,2.667042840069698273e-01,9.730103960663103457e-01
-1.761405642994905985e-01,3.499697398194223097e-01,1.059420149600605043e+00
3.658852291869649220e-01,2.928536163777023527e-01,9.588871171125114001e-01
-6.170718653739621917e-01,-3.284175670537016756e-01,7.486274096764987396e-02
-7.131850903391714347e-01,-3.355487124766870499e-02,4.147144056214724893e-03
5.845135531805883966e-01,-4.990002715357518270e-01,4.801941193424428267e-01
-1.509737084828406406e-01,1.824362360517815251e-01,1.006691999646136093e+00
1.300601983904113301e-01,2.942445833884839712e-01,9.683013793529504643e-01
-2.037840478786315801e-01,-6.056178411976754355e-02,1.039087725886813196e+00
-8.810449308318205608e-01,2.829220549255664907e-01,1.524799403582780544e-01
-4.153775207343973763e-01,-1.783252140298405286e-01,9.747120947148290027e-01
-9.688510484619226037e-01,-3.254680965395699288e-01,2.862136674485296281e-02
5.503396054599459797e-01,-1.342974708762189121e-02,3.068239748218112850e-01
1.074852996080994105e-01,1.540318207553656726e-01,9.723281695556602600e-01
-8.501621233392412380e-01,2.928337858847646080e-01,1.655847736861041641e-01
-9.767533392874334641e-01,-9.855211144894338721e-03,1.379177384624660774e-01
-6.928368386529867307e-01,4.886145795823650384e-01,1.962799294024980545e-01
-9.348777752588509626e-01,6.179584825019485833e-02,1.188013657423512143e-01
3.328004351369875380e-01,-1.923009302657251729e-01,9.372572827201393064e-01
1.108740730599262481e-01,6.196154045263424504e-02,9.988694130466477805e-01
-7.140201843378332636e-02,-1.437194425575671897e-01,1.024064771458594425e+00
-8.813755764102528811e-01,-3.516056226575914878e-01,1.217159827017184892e-01
3.288085242679062992e-01,-3.417827524649616477e-01,9.560570826874914552e-01
5.668352559051631490e-01,-4.802021456052006990e-03,3.807530555095420266e-01
-2.485948323176794816e-01,4.953014703854954903e-01,1.057661640736825781e+00
6.622057447102898120e-01,-3.438727019370043658e-01,4.976357241926858688e-01
-8.921146512186479693e-01,3.291747130666254906e-01,1.080372085782784625e-01
-9.715367887445878203e-01,-3.319424320531274425e-02,5.669742340529753538e-02
-2.875105911266579994e-01,1.126771574590652997e-01,9.281833233482670309e-01
-6.741564332761795786e-01,6.135411353078148305e-02,7.643628847658034964e-02
2.314728375448403541e-01,-4.804151660999976814e-01,1.032455612247061172e+00
-3.196137567822665559e-03,-3.251585010881553051e-01,9.506547460439943587e-01
-9.277684226868248007e-01,-4.785953643410396641e-01,9.961677197352969415e-03
-8.046186689043607343e-01,3.951626350295669998e-01,8.138921022729068977e-02
-2.839846285124063008e-01,-3.870658079896529546e-01,9.817797100730123461e-01
-9.733661001945141944e-01,-1.870952827432734167e-01,5.669959548912944375e-02
-3.721153192728417491e-01,-4.229128296739487203e-01,1.026565294285915364e+00
6.967727891467941914e-01,-9.647134870352586100e-02,4.722348569593792789e-01
1.603367087911697353e-01,5.032079612831925619e-01,1.075006933908435158e+00
2.813647155058766197e-02,-1.636934589635806181e-01,9.356496948663648450e-01
-1.580548078877049567e-01,5.162337329986200346e-02,1.018629431426568033e+00
2.741871633775402328e-01,1.480314314169779710e-01,1.005527162393181628e+00
-7.927109498279932831e-01,5.972438904490743466e-02,1.530751374798823283e-01
1.729567020094041063e-01,4.473619478931298299e-01,1.017503987798367593e+00
-1.993273281009262377e-01,7.386998134705569097e-02,1.071756399996150355e+00
5.809779348862116333e-01,3.431556708705839620e-01,4.699755607318668593e-01
3.286719873243761358e-01,-1.616767855987883973e-01,1.092447579155448878e+00
-7.997205345918939612e-01,3.694360188659075450e-01,1.214700587488904415e-01
-1.031970052914496366e-01,-1.927369486810971699e-01,1.048845104363826053e+00
6.785025143214706844e-01,-3.598168765304534111e-01,3.932621348608011935e-01
2.620096925905063268e-01,-2.064275695756088297e-02,9.125717251311736833e-01
2.584583805973693638e-01,4.603771558694234045e-01,1.034790567877789780e+00
-3.990851788244391685e-01,1.284757941090695355e-01,9.176413986950061608e-01
-8.952563234950868809e-01,-4.164087009179833765e-01,1.280748784844927823e-01
-4.121100033171602450e-01,-4.840502770903273300e-01,9.190029861273237843e-01
-1.150342982980788811e-02,-4.248485426723369596e-01,1.005668978717055628e+00
-3.055111921769876893e-01,4.264095262633660344e-01,1.072004907286409736e+00
2.431542605543842439e-01,3.473049782454225021e-01,9.129100778794755344e-01
-5.748975116331636048e-01,4.189035653547917848e-01,1.874087996933343492e-01
7.570594980735539936e-01,-4.295225417102381260e-01,3.654430076486879786e-01
-4.171306734692556972e-01,1.729391751040399439e-01,9.654596171635000390e-01
-9.659190227230256554e-01,4.183556160087248399e-01,1.259633529374211414e-01
-8.006446925126339265e-01,8.405669551684843976e-02,1.035390427742007430e-01
3.159968698498570872e-01,-1.245734164783686287e-01,9.078995252803186977e-01
1.263216174419148907e-01,-1.094750109804889932e-01,1.058536186283500768e+00
2.606629930119981897e-01,-1.895125981503769375e-01,1.046431624097995172e+00
-2.953476894241727213e-01,-4.144994003717666908e-01,1.080170848145868945e+00
-9.638927705342877905e-01,3.000393827103334798e-01,1.517629479041289753e-01
-7.270031577853148796e-01,8.356085804148782881e-02,1.856235411921670631e-01
6.643234673870099805e-01,4.194378155541826636e-02,4.194163864605958691e-01
6.457053508653852747e-01,-4.684293135793959340e-01,4.133238532261003240e-01
-8.833287050277821573e-01,1.698551533079536990e-01,8.566502847721718661e-02
5.981942647406918168e-02,7.118781234612013564e-02,9.685401644582114500e-01
6.852054413886312645e-01,1.902695592620807230e-01,3.381349475207396371e-01
2.333831267153746794e-02,-1.488139176793609741e-01,1.089844017415025679e+00
-9.127230053591511849e-01,2.643086271149429622e-01,1.703639925260579668e-01
-6.650741037568679292e-01,8.900295472239636019e-02,1.468415397027661162e-01
3.187702787244182101e-01,4.070417039746642707e-01,9.986164427877585181e-01
9.643002551494767038e-02,2.378770596970733175e-01,1.022090575016500802e+00
6.956994045217729239e-01,-2.865397918127733923e-01,4.627818559606929893e-01
9.167649191004820786e-01,-4.132051436263696198e-01,3.191068097348074839e-01
-3.248455339821341714e-01,-4.294052556145568911e-01,1.002019261044936105e+00
-3.840565001308787751e-01,-4.919071475549371963e-01,1.073826292904799029e+00
-4.908115152041296614e-02,-4.576377295062447059e-01,9.388251464117580714e-01
-3.523156880150012382e-01,-3.155613712456311615e-01,1.033761910764975589e+00
-9.043793614597751551e-01,4.749090451668183110e-01,6.950133972731263599e-02
5.858854626626548434e-01,-2.632482626146672722e-01,3.130456322804088809e-01
-9.845052168706581730e-01,-6.381281802064341958e-03,5.448787038247738385e-03
-8.905392606714711556e-01,-3.152873040686647865e-01,6.270647256735573105e-02
6.166670661609949255e-02,-5.458049544459165486e-02,9.023505457215226233e-01
-9.348106013651401591e-01,-2.889913814021941585e-01,1.665636803603355587e-01
-8.669351390304446126e-01,6.196092651297772924e-02,1.378703281572100925e-01
2.301260273345803187e-01,-4.390433126287196508e-01,9.052634387835775120e-01
-8.739663196229037201e-01,2.795602450029804342e-01,1.908987958718617595e-01
-6.160256416214657804e-01,5.691450977959321839e-02,1.397512686957611827e-01
-4.014803310535712266e-01,8.871648027582340612e-02,1.026719305361403656e+00
-3.901402346303514124e-01,-3.402662505334083654e-01,1.063450984286898438e+00
-2.522399866712179417e-01,2.245508380027657902e-01,1.043278119529503334e+00
2.513284571992205896e-01,4.894460523950447950e-01,9.200095747209533492e-01
-6.035982766139914579e-01,4.796855785130272332e-01,1.604684710016250904e-01
-6.595074701715650800e-01,1.201687637803861425e-01,5.699013969376365285e-02
3.096755057393242305e-01,3.653657495297608082e-01,1.095761800794317953e+00
-4.040255034699108960e-01,4.191783110837127846e-01,1.081818809449303975e+00
2.231878613496461605e-01,4.590152001293648087e-01,9.367948372941203861e-01
-8.573508638698208451e-01,-1.889346988626116469e-02,8.393514792408308597e-03
1.124635803434704262e-01,2.005682554885480362e-01,9.665733318066940249e-01
-5.783703636037804130e-02,-2.626387239397345308e-01,9.484016510882200546e-01
7.429566504796120130e-01,-3.948876074797875724e-01,4.696262116115683116e-01
2.732385457390113515e-01,2.279651683664488671e-01,9.613406259147290189e-01
-3.245109208887818064e-01,-3.861835657309567460e-01,1.054976764249456966e+00
-8.992151092230112885e-01,-3.433278445159941850e-01,8.951935989855340503e-02
-8.733233571232342785e-01,-2.048790011884932538e-01,1.760916420706708507e-01
-7.142204199262683906e-01,-3.972922578628756973e-01,1.984622002656305784e-01
-8.061253827465930666e-01,-3.877596685070755500e-01,5.206734937645923073e-02
5.841744348569137824e-01,-2.290916146155698441e-01,4.346856882836312996e-01
4.473300902280397118e-02,3.733566148649723054e-02,1.067154532096723951e+00
2.978385929552904848e-02,-2.142626687934596486e-01,9.277053896312138503e-01
-6.637708967721879239e-01,-3.746611378714515689e-02,1.008273229245257030e-01
-9.710557318906992696e-01,-3.253916764281858942e-01,7.599574219726856934e-03
-9.356800566689679188e-01,1.250350776450843693e-01,1.170914517659728676e-01
-7.403145081906942204e-01,-3.716278913226588321e-01,1.459730272129874662e-01
-3.540293787258277369e-01,-1.289663561289599858e-01,9.798339126449845393e-01
2.253330294068341400e-01,3.626166673277152475e-01,1.035858573468890098e+00
-3.767661419718648097e-01,2.547692056350255863e-01,9.358372147711555566e-01
-8.893415974760187082e-01,-2.471710739467282425e-01,2.703683272371668750e-02
6.960836073793285061e-01,-4.498525047619257311e-01,3.796401710786329597e-01
-9.962138908786035696e-01,1.262033081036945670e-01,1.308783052501437394e-01
5.753995226951363895e-01,4.312031858911706816e-01,4.929831216376933112e-01
-3.258353439126072670e-01,4.485801072703400894e-01,1.016504103314234797e+00
1.677979505214459155e-01,3.481121406462006629e-01,9.702973583443923467e-01
-9.045457897031057293e-01,4.871854991121980505e-01,7.600834653812489627e-02
-7.452447121754131043e-01,3.410676224730921913e-01,4.723907432281729268e-02
-9.676802772078272330e-01,-4.410131184943980043e-01,8.066093638050851611e-02
-8.389571779898568060e-01,-7.632330030538690170e-03,5.172709897012300190e-02
-3.467012549581675596e-01,-3.044622388199217933e-01,1.097806406410844149e+00
5.592733326929312521e-02,7.770880385449570327e-02,9.961125309873762879e-01
6.661902122403507986e-01,1.407852351449607187e-01,3.654118413701721857e-01
-7.326642984762323785e-01,-3.988116521135245396e-01,1.770350628802999648e-01
2.858740034873734071e-01,-4.776929991853122170e-01,9.566708153538111548e-01
5.818012512905837985e-01,3.559228004543764090e-01,3.319290766067779508e-01
5.464342089667905134e-01,-4.297583133167110492e-01,3.628996446721190483e-01
6.405998034980183720e-01,-3.468993293484036178e-01,3.611899520914319539e-01
7.053013862340092865e-01,-5.651538707909150791e-03,4.092151921028214234e-01
2.929377616934276674e-01,3.360264303207998182e-01,9.421422193738737683e-01
-3.504801387086877162e-01,-4.692564315904235728e-01,9.990063705317829834e-01
6.024781779012607918e-01,2.688389512351255228e-01,4.824771427100896792e-01
-3.396427782896565550e-01,2.796015140784085529e-01,1.087376818638725151e+00
1.369579331563215707e-01,4.663853005409525632e-01,9.222353024224282381e-01
-3.867802684611638120e-01,3.339029143332504224e-01,9.750082670645028315e-01
-4.082877768896501780e-01,1.176091383167911925e-01,1.088931419281444990e+00
3.176250613513076360e-01,-2.724878357600931111e-01,1.027103167714836118e+00
-3.776019760529613634e-01,-2.678656189364422846e-02,9.232093887653435305e-01
6.289327405986550046e-01,-3.732803283861024779e-01,3.157939838097021945e-01
8.490849375971923352e-02,-9.649908376605036142e-02,9.634937036519769515e-01
-3.307514350893350219e-01,-1.945791436053268680e-02,9.409947361367863028e-01
-7.977435720439615130e-01,-2.593467816614242194e-02,9.435973769471590888e-02
3.520686291426509129e-01,1.847344129627585263e-01,9.714087125267736322e-01
-7.847561333142963891e-01,-4.903455655265350766e-01,1.180626563293980386e-01
-7.525403575315120497e-01,4.307236900166838134e-01,1.459316938464495783e-01
6.840709402713925913e-01,1.763256431359108700e-01,3.487912616992994708e-01
-7.961692615653059857e-01,-4.522610041221017951e-01,8.793531605318494204e-02
-5.703731648065610838e-01,4.459925504604611013e-01,8.624724684468379476e-02
-8.166463941580998087e-01,-6.599263344989506064e-02,9.943526705517538589e-02
-9.207916289754416450e-01,-2.971381053450956600e-01,1.111882432920481382e-02
2.161777531338415076e-02,-6.649820553761551234e-02,1.096845049494968416e+00
-9.522204047048934417e-01,-1.996578546749425837e-02,7.096382728860284317e-02
-7.555413378196595975e-01,-3.654491980717652355e-01,2.529513404268095636e-02
-8.521373341101330656e-02,-4.094222520546016986e-01,1.036079602567396396e+00
6.355196543425313260e-01,4.522247891334604253e-01,3.024834997760515454e-01
-7.806696373616617279e-01,-4.268854954071796270e-01,6.928742441793954432e-02
-9.451088704166927812e-01,-1.486155780710006480e-01,4.878976802334960422e-02
9.656746988356276207e-01,-4.842918771322094473e-01,4.148676496892784726e-01
6.782750655962628272e-01,1.300059763761345355e-01,3.597805120471220253e-01
-9.927812420147360539e-01,4.390311252115184359e-01,4.433417240446502379e-03
2.746870439024345911e-01,-7.850040432236882193e-02,1.023132929901239052e+00
-6.771079655230360927e-01,3.544570388604066369e-01,6.335662346421398750e-02
8.052614969781177745e-01,-4.798534353234166772e-01,4.555653946900551921e-01
3.460519931426381812e-01,-4.570991408573886750e-01,9.857963924403705391e-01
-4.153391932855985541e-02,-3.262901989340305509e-01,1.083829352314649164e+00
3.260932379908419998e-01,-3.377849642309078693e-01,1.032760795102783513e+00
3.162689935940951602e-01,-2.635504898599298484e-01,9.988898516406453654e-01
4.903877837860155103e-02,-1.153577906635575301e-01,1.034518905020173740e+00
-2.610531425887991919e-01,4.185099520920385618e-01,9.780418065727088939e-01
-6.153248320181176068e-01,4.293113740035774117e-02,8.572435471227231318e-02
-9.280218477841177815e-01,-4.497338153760837010e-01,3.636334847711977097e-02
-9.713487702872002361e-01,3.767601073100061981e-01,1.585430851843379063e-01
1.199217790558419067e-02,-1.637466969362271485e-01,9.033163718898753469e-01
6.338427057173842138e-01,4.663335886146516285e-01,4.397226329189465321e-01
5.663805714273619785e-01,-3.723851041919933880e-01,3.264163135408310046e-01
-8.933833725225144295e-01,2.925016078857088364e-01,1.999572122222135345e-02
-7.448104052035294798e-01,1.642615345010587508e-02,8.689505988403073422e-02
-3.846540956955094015e-01,4.090566798036466278e-01,1.094956031142667818e+00
4.887912569056085399e-02,7.432299029372933796e-02,1.079997195806382759e+00
-8.921445341923993633e-01,1.323691327830014142e-01,1.305039877732436238e-01
-6.256590657344303086e-01,4.668484305798702994e-01,1.293068156446569306e-01
6.057190321859918791e-01,-5.988330946519600240e-02,3.104344643330832487e-01
-2.516381539749525387e-01,4.450602433799711322e-01,9.077810706082889425e-01
-7.520009279856256779e-01,7.407730242430660139e-02,5.038721544235294503e-02
6.813249554216171955e-01,-3.999632689401059760e-01,4.015032203936547139e-01
5.548521965524311206e-01,-3.188926514775456411e-01,3.858663980475453559e-01
-9.536005980169126595e-01,-2.073039968189272497e-01,1.378704865798732193e-01
2.144045638242787766e-01,4.472376100169104807e-01,9.770161981729393874e-01
-2.974804342172628346e-01,1.748920257819826518e-01,1.081613364667303179e+00
2.926519992747151910e-01,-1.168482460664464623e-01,9.084678536710405483e-01
-9.755807038307055812e-02,-8.797271382390677019e-02,9.629755520157401438e-01
6.050324431081947063e-01,-1.787206183503390888e-01,4.608110844556428942e-01
5.560974187680027825e-01,2.428382734327717563e-01,4.416862478306213258e-01
-2.533785261260623756e-01,3.407370123942062290e-01,1.046440202630713356e+00
-1.250128848807971205e-01,-2.896089563079620177e-01,1.083139245338213819e+00
2.781963789645153229e-01,1.061595101910179917e-01,9.795304310022014960e-01
-3.899433781173656799e-01,5.033785911941078828e-01,1.023637428639476488e+00
-7.155554899839294825e-01,-4.090864371870743255e-01,7.583854832376744903e-02
-7.233871110375065250e-01,-4.806178775469370223e-01,1.963285703072085164e-01
2.697246858775865785e-01,-4.264407325943448956e-01,1.096449112228665035e+00
-2.751758072574337910e-01,4.611380915745281750e-01,1.098673004416971910e+00
2.671757688782104290e-01,-2.865281834697305796e-01,1.053067233187381380e+00
-3.238755994271568239e-01,1.540402779961902169e-01,9.981935150274181545e-01
-9.449990403772160485e-01,-3.654630543977366863e-01,4.918527877550951666e-02
2.642538681262150413e-01,-3.532789093692482729e-01,1.020019813964471389e+00
-5.935683642745367417e-01,4.279825785592569765e-02,1.651803772440912643e-01
6.585599524540628469e-01,2.644183269745696840e-01,3.239907763745840663e-01
6.423386757507533185e-01,3.473528660434058724e-01,3.309844100724848026e-01
2.203378040620256606e-01,-2.742845742585527380e-01,1.005148989118632930e+00
-9.378231318058506405e-01,3.239276477084904737e-01,1.698095380108274877e-01
-4.339484288592613398e-02,-4.574246565859814706e-01,9.068287937891615913e-01
-3.339409551952652877e-01,-2.435280365568243122e-01,1.004902922271466492e+00
2.927986096437250607e-01,-3.861680071743496256e-01,1.042775400754501591e+00
-6.956966322688689086e-01,5.017854532388241751e-01,8.206488499091149635e-02
-3.373598821150754490e-01,1.865054851199713648e-01,1.099814282278891886e+00
-9.948308985243299318e-01,4.181907787814785893e-01,1.609593399226875166e-01
